player_name,team,date_of_birth,age,marital_status,number_of_kids,nationality,country_of_birth,position,preferred_foot,height_cm,weight_kg,jersey_number,injury_status,agent,matches_played,minutes_played,goals,assists,tackles,interceptions,saves,clean_sheets,yellow_cards,red_cards,passing_accuracy,shot_accuracy,previous_club,years_at_club,contract_end_year,average_salary_zar,market_value_zar,signing_bonus_zar,release_clause_zar
Siyanda Dlamini,Stellenbosch FC,1995-05-28,30,Widowed,0,South African,South African,Defender,Right,167,71,35,Recovering,SA Elite Agents,53,2650,9,12,55,90,0,0,12,3,80.4,83.7,Highlands Park,1,2026,192131.91,2797081.46,1880343.96,44317064.33
Thabo Ndlovu,Cape Town City,2004-06-01,21,Single,1,Zimbabwean,Zimbabwean,Forward,Right,183,73,40,Recovering,SoccerLink Africa,272,23120,98,28,28,8,0,0,2,1,93.1,68.4,Highlands Park,5,2030,266951.18,18801129.31,1693363.96,47490263.62
Vusi Molefe,Stellenbosch FC,2006-09-20,19,Single,0,Nigerian,Nigerian,Forward,Left,167,66,65,Recovering,PlayerFirst,398,21890,99,77,0,8,0,0,8,0,81.7,79.0,Black Leopards,1,2026,131890.68,3624647.28,650508.19,40959706.96
Thembi Mahlangu,Bloemfontein Celtic,2004-02-08,21,Divorced,0,Zambian,Zambian,Goalkeeper,Left,166,93,24,Injured,None,135,7965,1,6,20,12,189,46,17,0,74.0,42.9,None,4,2029,324162.11,7651200.06,1514160.54,15710316.37
Nokuthula Sithole,Polokwane City,2003-03-18,22,Divorced,3,Nigerian,Nigerian,Goalkeeper,Both,193,88,79,Injured,SoccerLink Africa,116,6032,2,1,24,73,29,25,7,2,87.1,74.0,Black Leopards,1,2026,315339.82,17360054.33,1140922.15,6912438.75
Thembi Sithole,Kaizer Chiefs,1989-02-14,36,Married,2,Nigerian,Nigerian,Goalkeeper,Left,193,79,54,Healthy,ProSport,279,18135,3,12,23,55,3,14,12,0,86.1,70.7,Bidvest Wits,5,2030,131190.53,21746276.59,1064027.17,10912232.05
Siyanda Mahlangu,Chippa United,1989-12-09,36,Single,0,Zambian,Zambian,Defender,Both,181,67,27,Healthy,SoccerLink Africa,18,1224,6,5,112,4,0,0,11,3,92.9,54.2,None,1,2026,30139.73,20238813.99,1137007.79,48788927.0
Lerato Mashaba,Polokwane City,1998-01-31,27,Widowed,0,Ghanaian,Ghanaian,Forward,Right,181,65,85,Healthy,None,241,19521,77,27,23,20,0,0,4,3,76.9,68.5,Jomo Cosmos,4,2029,116974.12,24003387.28,1941663.04,47327816.48
Nomsa Mahlangu,Polokwane City,1991-07-16,34,Divorced,0,Malawian,Malawian,Forward,Left,171,81,83,Recovering,PlayerFirst,322,28980,80,0,2,17,0,0,16,2,83.6,56.1,None,1,2026,181654.11,19997955.16,96251.72,6646508.79
Tumelo Khumalo,Kaizer Chiefs,1996-08-28,29,Married,4,Malawian,Malawian,Forward,Both,175,95,62,Healthy,None,252,20664,48,24,19,3,0,0,4,1,85.3,46.0,None,2,2027,240976.69,20475239.98,1669544.26,2163905.51
Gugu Molefe,TS Galaxy,2007-01-29,18,Widowed,0,South African,South African,Defender,Left,188,85,32,Recovering,None,379,30320,7,8,38,14,0,0,0,3,77.7,83.2,Free State Stars,5,2030,79461.57,1975907.66,1429230.17,4553471.33
Thembi Mokoena,Stellenbosch FC,1995-07-03,30,Widowed,0,Zimbabwean,Zimbabwean,Goalkeeper,Right,175,92,42,Healthy,SoccerLink Africa,296,16872,1,0,15,3,196,29,17,0,74.6,56.7,Jomo Cosmos,1,2026,110539.22,22695472.84,750352.35,10532047.69
Thabo Sithole,Bloemfontein Celtic,2000-12-17,25,Single,0,Zimbabwean,Zimbabwean,Midfielder,Both,173,61,37,Recovering,ProSport,229,19923,14,36,116,95,0,0,3,2,90.6,80.6,Black Leopards,1,2026,83518.56,4778507.37,1895885.41,33869195.8
Gugu Mabena,SuperSport United,2000-09-19,25,Widowed,0,Zambian,Zambian,Goalkeeper,Right,176,68,96,Healthy,None,155,11625,4,7,4,3,187,5,3,1,86.9,80.0,Bidvest Wits,2,2027,314670.05,4723732.14,254713.0,35082032.22
Kagiso Phiri,Bloemfontein Celtic,1990-06-30,35,Divorced,0,Zambian,Zambian,Midfielder,Both,173,93,61,Recovering,SoccerLink Africa,175,12600,41,78,9,66,0,0,11,3,91.0,73.2,Bidvest Wits,1,2026,153045.25,13444410.38,543080.03,13806693.9
Thembi Tshabalala,Cape Town City,2003-01-22,22,Married,4,Ghanaian,Ghanaian,Defender,Both,195,84,48,Healthy,ProSport,324,19764,7,8,72,2,0,0,6,2,71.5,76.7,Baroka FC,1,2026,220572.41,4930884.9,1785677.41,22492731.79
Sibusiso Molefe,Bloemfontein Celtic,2004-05-31,21,Widowed,0,Ghanaian,Ghanaian,Midfielder,Right,194,67,93,Healthy,SoccerLink Africa,349,27222,48,73,146,57,0,0,10,1,75.9,51.1,None,5,2030,102237.69,16465329.64,1991441.08,44974460.85
Lerato Tshabalala,Royal AM,1992-10-24,33,Married,1,Malawian,Malawian,Goalkeeper,Both,188,75,57,Recovering,SA Elite Agents,168,11256,10,14,29,60,63,23,17,0,88.4,56.8,Baroka FC,4,2029,63496.23,2622214.92,1921854.35,47418762.29
Kagiso Tshabalala,Sekhukhune United,2006-09-12,19,Widowed,1,Zambian,Zambian,Midfielder,Both,185,83,67,Injured,None,375,28125,36,8,137,23,0,0,11,0,81.2,64.4,Baroka FC,2,2027,321105.17,11218058.2,641334.76,9826473.88
Gugu Hlongwane,Polokwane City,1997-11-25,28,Divorced,3,Zimbabwean,Zimbabwean,Forward,Both,184,60,8,Recovering,SoccerLink Africa,307,18420,98,38,28,20,0,0,1,3,82.4,81.1,None,4,2029,153595.62,5681107.87,460498.39,18901491.93
Ayanda Sithole,Golden Arrows,1993-07-22,32,Widowed,0,South African,South African,Midfielder,Both,177,68,99,Healthy,None,60,4740,107,72,105,52,0,0,20,2,81.2,54.0,Bidvest Wits,3,2028,349478.25,17615738.77,118818.34,48314630.18
Mandla Baloyi,Kaizer Chiefs,2001-02-11,24,Married,1,Nigerian,Nigerian,Midfielder,Both,181,62,43,Recovering,PlayerFirst,131,11135,89,63,88,77,0,0,14,3,73.6,54.1,Free State Stars,1,2026,286286.73,12739192.63,410186.1,13800977.18
Nokuthula Baloyi,Cape Town City,1991-03-15,34,Single,0,Ghanaian,Ghanaian,Goalkeeper,Both,185,84,6,Injured,SoccerLink Africa,164,11152,7,8,26,12,62,4,15,0,80.6,62.8,Bidvest Wits,2,2027,76516.81,9906925.35,841819.45,20088443.67
Zanele Molefe,SuperSport United,1999-08-13,26,Divorced,3,South African,South African,Midfielder,Left,183,65,5,Recovering,SA Elite Agents,232,15080,116,76,39,68,0,0,1,3,91.5,61.2,Jomo Cosmos,3,2028,280889.27,18478450.99,1846848.56,16536276.35
Karabo Mthembu,Bloemfontein Celtic,2000-07-30,25,Married,2,South African,South African,Defender,Right,191,61,94,Recovering,SoccerLink Africa,178,11926,5,10,90,114,0,0,14,2,89.1,41.5,Bidvest Wits,2,2027,150122.18,4506949.9,1349158.93,8065521.79
Thembi Zulu,Sekhukhune United,2003-01-10,22,Divorced,2,Zimbabwean,Zimbabwean,Forward,Both,179,82,92,Injured,SA Elite Agents,3,183,72,67,4,6,0,0,9,0,79.9,70.0,Bidvest Wits,5,2030,250814.7,21808002.69,920412.43,33302273.04
Khanyi Baloyi,Royal AM,1990-02-13,35,Divorced,0,Mozambican,Mozambican,Defender,Both,181,64,27,Injured,PlayerFirst,208,15808,2,7,77,119,0,0,9,1,89.6,54.8,Baroka FC,4,2029,194117.38,5791282.02,733960.19,10618231.17
Karabo Phiri,Chippa United,2006-05-12,19,Single,0,Malawian,Malawian,Midfielder,Both,173,78,54,Recovering,SoccerLink Africa,356,22072,72,2,98,103,0,0,12,1,86.7,64.5,Jomo Cosmos,3,2028,195745.99,3223935.89,773987.03,33469523.39
Ayanda Molefe,Chippa United,1999-03-24,26,Married,4,Ghanaian,Ghanaian,Forward,Right,187,74,93,Recovering,PlayerFirst,221,13702,26,5,0,6,0,0,12,0,87.6,61.1,Baroka FC,5,2030,93624.79,10604204.4,704928.66,49610240.41
Nokuthula Mabena,Golden Arrows,2007-10-10,18,Divorced,2,Malawian,Malawian,Goalkeeper,Left,193,73,44,Healthy,PlayerFirst,30,2550,7,11,28,5,100,59,18,1,89.5,53.6,Highlands Park,2,2027,298597.82,22990985.62,1980898.0,35987833.84
Tumelo Mokoena,SuperSport United,2004-11-22,21,Divorced,1,South African,South African,Forward,Both,167,68,66,Recovering,SA Elite Agents,326,28688,11,63,27,15,0,0,7,0,73.8,62.5,Jomo Cosmos,1,2026,272175.64,18336895.03,1672930.03,2771553.26
Tumelo Mthembu,Polokwane City,2005-03-04,20,Single,0,Zimbabwean,Zimbabwean,Forward,Both,167,74,36,Healthy,None,59,3304,19,7,29,7,0,0,5,0,87.4,76.9,Tuks FC,3,2028,251184.0,4109491.6,1676004.77,44613990.8
Thembi Mashaba,Orlando Pirates,2007-08-22,18,Divorced,0,Zimbabwean,Zimbabwean,Goalkeeper,Both,182,81,68,Injured,SoccerLink Africa,179,15394,4,11,6,55,164,52,8,1,74.5,84.8,Baroka FC,1,2026,291711.23,12679951.32,1186188.84,33884672.23
Karabo Hlongwane,Bloemfontein Celtic,2004-12-02,21,Single,1,Mozambican,Mozambican,Forward,Both,179,81,34,Recovering,SoccerLink Africa,185,14245,43,69,19,17,0,0,4,2,90.1,60.7,None,5,2030,64502.5,17214400.87,838082.84,11150934.06
Kagiso Zulu,Mamelodi Sundowns,2005-10-02,20,Divorced,2,Malawian,Malawian,Midfielder,Both,184,67,98,Healthy,ProSport,327,23217,89,45,145,70,0,0,10,1,87.5,59.5,Highlands Park,5,2030,186330.64,8194397.39,1232843.04,24126397.12
Tumelo Ngobeni,Stellenbosch FC,1997-07-29,28,Married,4,Zimbabwean,Zimbabwean,Midfielder,Right,190,88,83,Injured,PlayerFirst,137,8905,32,29,137,15,0,0,15,1,93.2,63.6,Tuks FC,4,2029,224236.01,19923110.95,1597626.09,26826371.81
Thembi Zulu,Cape Town City,1990-05-29,35,Divorced,1,Ghanaian,Ghanaian,Defender,Right,188,65,62,Injured,PlayerFirst,65,4030,4,15,82,52,0,0,8,0,86.1,77.7,Bidvest Wits,2,2027,31089.7,11551600.4,1346456.81,1018167.81
Lerato Khumalo,Moroka Swallows,1994-07-05,31,Single,1,Nigerian,Nigerian,Defender,Right,173,64,20,Healthy,SoccerLink Africa,304,18240,4,15,11,105,0,0,17,3,85.2,66.2,Highlands Park,5,2030,178383.29,17502797.36,1856467.54,7592681.9
Thembi Khumalo,SuperSport United,1992-02-10,33,Widowed,1,Nigerian,Nigerian,Forward,Left,180,83,79,Healthy,SA Elite Agents,117,9945,4,1,25,19,0,0,6,2,74.8,69.9,Black Leopards,2,2027,24595.0,15153697.48,131402.87,44260049.64
Lerato Mabaso,Stellenbosch FC,1995-04-29,30,Single,1,Mozambican,Mozambican,Forward,Both,193,81,64,Healthy,ProSport,165,8415,29,50,21,9,0,0,6,2,87.7,50.4,Free State Stars,2,2027,278658.23,22571464.82,1740282.1,33713909.58
Sibusiso Ndlovu,TS Galaxy,1996-04-07,29,Married,3,Zambian,Zambian,Defender,Right,166,93,91,Recovering,PlayerFirst,217,14539,6,6,149,44,0,0,13,3,88.5,51.0,Highlands Park,2,2027,127411.78,20459963.53,60153.78,34700936.21
Lerato Mabena,Cape Town City,2004-12-26,21,Married,1,Mozambican,Mozambican,Forward,Both,169,65,17,Healthy,SoccerLink Africa,322,17710,62,57,19,18,0,0,8,0,71.7,70.3,Jomo Cosmos,1,2026,330195.18,18136935.62,1807432.12,23675912.71
Lindiwe Hlongwane,AmaZulu FC,2006-12-14,19,Widowed,1,Ghanaian,Ghanaian,Defender,Both,185,86,61,Injured,SoccerLink Africa,363,26499,4,4,89,23,0,0,0,3,74.5,44.0,Free State Stars,3,2028,277632.29,14340541.54,703568.37,24509767.9
Lebogang Molefe,Royal AM,1998-02-05,27,Widowed,0,Ghanaian,Ghanaian,Midfielder,Both,176,71,71,Healthy,SA Elite Agents,61,3721,23,53,16,86,0,0,17,1,82.0,63.8,Jomo Cosmos,2,2027,261150.4,15220461.61,341205.28,2009224.2
Lindiwe Phiri,Polokwane City,1995-05-07,30,Widowed,0,Zambian,Zambian,Midfielder,Left,167,61,75,Healthy,SoccerLink Africa,218,11118,57,49,133,73,0,0,2,0,81.9,50.3,Free State Stars,3,2028,89792.81,4082603.28,912819.01,46214039.49
Lebogang Phiri,Cape Town City,2006-04-01,19,Divorced,1,Ghanaian,Ghanaian,Midfielder,Right,168,61,76,Injured,None,292,17520,90,46,87,62,0,0,1,3,92.2,67.5,Free State Stars,2,2027,65425.7,14393677.11,657626.39,13532684.35
Lindiwe Mokoena,AmaZulu FC,2006-05-20,19,Single,1,Ghanaian,Ghanaian,Midfielder,Both,173,70,23,Recovering,SoccerLink Africa,128,8704,68,48,73,33,0,0,1,1,89.5,72.4,Bidvest Wits,3,2028,211483.42,3578597.65,977492.74,13642625.86
Boitumelo Nkosi,Stellenbosch FC,2000-04-23,25,Divorced,1,Zimbabwean,Zimbabwean,Forward,Both,173,64,52,Injured,PlayerFirst,25,2050,96,54,11,13,0,0,12,3,77.2,78.3,Black Leopards,5,2030,340623.23,1361725.67,1103418.02,41425022.92
Thabo Ndlovu,Mamelodi Sundowns,1991-06-16,34,Single,0,Nigerian,Nigerian,Midfielder,Both,183,60,94,Recovering,ProSport,40,2320,60,33,150,73,0,0,3,0,70.7,62.4,Jomo Cosmos,3,2028,158664.97,24380712.61,1234159.29,17115457.96
Karabo Sithole,TS Galaxy,1994-04-17,31,Divorced,0,Ghanaian,Ghanaian,Goalkeeper,Left,195,86,41,Healthy,ProSport,181,10860,7,14,9,71,9,18,19,3,83.8,76.7,Black Leopards,3,2028,309486.78,20156079.16,341129.2,8449086.7
Nokuthula Mabena,Polokwane City,2003-03-16,22,Widowed,0,Ghanaian,Ghanaian,Defender,Both,193,92,6,Recovering,ProSport,167,11189,10,11,85,3,0,0,18,3,82.7,75.5,Tuks FC,4,2029,151858.81,8539232.65,1898677.92,44073988.83
Thembi Tshabalala,Moroka Swallows,1995-06-27,30,Single,0,Ghanaian,Ghanaian,Midfielder,Right,178,62,26,Recovering,SoccerLink Africa,358,29356,55,36,89,26,0,0,17,1,88.0,80.7,Black Leopards,2,2027,220537.99,9091048.14,1486383.84,5843615.4
Thabo Ndlovu,Polokwane City,2001-05-28,24,Widowed,1,Zambian,Zambian,Goalkeeper,Right,184,89,10,Recovering,SA Elite Agents,306,18054,9,1,6,48,37,69,3,3,89.0,46.5,None,5,2030,185556.67,12736523.34,232035.3,49013803.07
Lindiwe Radebe,Golden Arrows,1994-03-17,31,Widowed,0,Zimbabwean,Zimbabwean,Forward,Both,176,82,72,Recovering,PlayerFirst,143,8580,18,7,18,5,0,0,16,2,87.5,73.3,Tuks FC,1,2026,206509.5,8770064.63,1187690.87,14874771.07
Sipho Ndlovu,Stellenbosch FC,1993-07-23,32,Widowed,0,Ghanaian,Ghanaian,Goalkeeper,Right,173,82,64,Recovering,ProSport,307,20876,9,3,14,73,143,49,2,2,88.2,74.8,Bidvest Wits,1,2026,284675.44,16028790.69,1570077.07,6198834.25
Karabo Hlongwane,TS Galaxy,1998-08-14,27,Widowed,0,South African,South African,Defender,Left,181,77,59,Recovering,SA Elite Agents,8,688,3,13,7,4,0,0,14,0,82.1,83.7,Free State Stars,5,2030,183079.3,2978520.71,1691073.03,3902124.0
Lindiwe Dlamini,Sekhukhune United,1992-08-31,33,Single,0,Zimbabwean,Zimbabwean,Forward,Left,183,80,47,Healthy,PlayerFirst,279,14787,18,64,25,0,0,0,20,0,72.9,43.7,Baroka FC,5,2030,201968.23,18286018.23,1568627.52,37446885.54
Khanyi Dlamini,Polokwane City,1991-12-21,34,Married,2,Nigerian,Nigerian,Midfielder,Right,186,85,31,Injured,PlayerFirst,25,1350,10,59,103,48,0,0,5,1,78.8,42.9,Tuks FC,3,2028,47066.04,18370666.33,514345.61,39370282.51
Thabo Sithole,Sekhukhune United,2000-02-17,25,Divorced,2,Nigerian,Nigerian,Midfielder,Left,179,72,72,Recovering,PlayerFirst,180,12600,68,36,57,47,0,0,1,0,89.2,42.4,Tuks FC,2,2027,244806.12,15867455.82,112960.27,17102033.66
Karabo Mthembu,Mamelodi Sundowns,2007-07-26,18,Widowed,0,South African,South African,Forward,Both,170,93,63,Injured,SA Elite Agents,257,21845,15,72,23,14,0,0,9,1,88.4,70.0,Baroka FC,5,2030,135525.87,15676985.84,994675.9,35989596.81
Mandla Radebe,Mamelodi Sundowns,2003-09-15,22,Widowed,0,Zambian,Zambian,Forward,Right,192,71,43,Healthy,None,252,13860,6,28,11,0,0,0,20,1,78.1,50.7,Jomo Cosmos,5,2030,33049.58,14952822.56,778467.38,25268256.43
Lebogang Phiri,SuperSport United,1998-09-06,27,Single,1,South African,South African,Midfielder,Left,189,85,16,Injured,PlayerFirst,81,4131,12,46,150,106,0,0,19,2,90.0,65.3,Black Leopards,1,2026,229326.23,12971347.19,389184.73,44140894.12
Zanele Mokoena,Chippa United,2007-04-03,18,Widowed,0,Malawian,Malawian,Defender,Both,177,64,13,Recovering,ProSport,197,14184,2,9,139,26,0,0,17,0,92.3,50.3,Tuks FC,4,2029,160931.63,7601973.53,884826.39,27893103.22
Siyanda Molefe,Royal AM,1995-08-20,30,Married,1,Nigerian,Nigerian,Midfielder,Both,170,74,94,Healthy,PlayerFirst,163,14018,47,12,32,51,0,0,9,2,83.9,80.1,Tuks FC,4,2029,269328.96,17644497.93,194379.23,20132040.39
Lerato Ngobeni,AmaZulu FC,1992-08-18,33,Single,1,Malawian,Malawian,Goalkeeper,Right,189,86,77,Healthy,ProSport,140,11480,2,10,13,62,32,68,0,3,89.5,65.3,Highlands Park,4,2029,293636.38,24231618.07,1001572.68,14480159.27
Sibusiso Hlongwane,SuperSport United,2007-02-10,18,Widowed,1,Zambian,Zambian,Midfielder,Left,168,89,20,Injured,PlayerFirst,158,8374,42,53,129,13,0,0,18,3,89.1,50.6,Tuks FC,5,2030,331596.02,20535322.26,1521172.47,40736350.15
Nokuthula Mabena,SuperSport United,1998-02-03,27,Single,0,Malawian,Malawian,Midfielder,Right,170,62,56,Injured,PlayerFirst,290,14500,114,53,66,92,0,0,5,0,83.7,42.8,Highlands Park,2,2027,48490.24,14951605.34,1726285.4,5354852.09
Nomsa Mahlangu,Mamelodi Sundowns,1995-04-28,30,Widowed,1,South African,South African,Defender,Both,183,60,58,Recovering,SoccerLink Africa,272,15504,9,6,123,3,0,0,11,1,77.6,59.2,Tuks FC,4,2029,294564.72,8902443.59,384166.41,17453307.35
Lindiwe Phiri,Mamelodi Sundowns,1991-07-08,34,Divorced,3,Zimbabwean,Zimbabwean,Defender,Right,174,79,37,Recovering,SA Elite Agents,255,13005,1,0,45,71,0,0,15,0,74.2,74.1,Jomo Cosmos,4,2029,256807.49,9352111.61,462757.15,28555458.93
Vusi Mthembu,Richards Bay FC,2000-08-12,25,Widowed,0,Ghanaian,Ghanaian,Midfielder,Left,175,60,76,Healthy,None,205,17220,82,35,117,112,0,0,19,2,83.5,63.4,Baroka FC,2,2027,284832.2,6996085.83,1048880.19,43820095.65
Sibusiso Radebe,Polokwane City,1990-10-26,35,Single,0,Zimbabwean,Zimbabwean,Midfielder,Both,180,62,6,Injured,ProSport,335,30150,36,66,56,20,0,0,19,0,82.7,84.5,Bidvest Wits,1,2026,116245.55,16893817.18,1018065.88,13715018.29
Tumelo Zulu,AmaZulu FC,2002-04-04,23,Married,4,Zimbabwean,Zimbabwean,Goalkeeper,Both,169,60,32,Injured,ProSport,26,1508,0,10,1,56,164,80,11,0,90.2,56.4,Tuks FC,2,2027,155926.58,1083334.63,594564.87,39418963.9
Mandla Mthembu,Stellenbosch FC,2007-04-03,18,Married,4,Nigerian,Nigerian,Defender,Both,195,90,96,Injured,ProSport,249,14940,8,8,64,80,0,0,13,2,83.8,46.2,Jomo Cosmos,2,2027,166602.23,13538695.4,1625093.95,2518944.24
Mandla Baloyi,Polokwane City,1990-05-03,35,Single,0,Nigerian,Nigerian,Midfielder,Right,186,78,16,Injured,None,254,17526,73,1,103,60,0,0,17,0,87.8,73.0,Bidvest Wits,3,2028,334386.33,17564054.63,675917.71,16720888.48
Kagiso Phiri,Richards Bay FC,1995-06-16,30,Divorced,3,Ghanaian,Ghanaian,Midfielder,Both,165,74,41,Injured,SoccerLink Africa,101,5252,117,25,75,113,0,0,16,1,89.1,46.6,Free State Stars,3,2028,165370.11,8788920.9,471520.5,9809856.34
Sipho Hlongwane,AmaZulu FC,1992-02-09,33,Married,4,Mozambican,Mozambican,Goalkeeper,Left,165,72,66,Recovering,SA Elite Agents,185,12950,1,7,14,31,143,22,15,3,76.4,51.5,Tuks FC,4,2029,321561.44,15368191.13,1509377.87,10694308.16
Lerato Khumalo,Royal AM,1992-04-10,33,Divorced,0,Malawian,Malawian,Forward,Right,168,63,92,Recovering,SA Elite Agents,300,25200,3,44,17,20,0,0,12,2,91.7,53.4,None,4,2029,115494.31,18347438.65,1637655.22,17544349.2
Sibusiso Ndlovu,Polokwane City,2002-03-03,23,Divorced,1,Nigerian,Nigerian,Midfielder,Left,168,87,93,Healthy,SoccerLink Africa,30,1500,25,49,47,26,0,0,5,0,83.3,70.1,Free State Stars,4,2029,74032.15,19088880.98,506685.76,12698051.52
Tumelo Khumalo,SuperSport United,1994-10-22,31,Single,1,Zambian,Zambian,Midfielder,Both,190,82,39,Healthy,PlayerFirst,177,10797,39,34,122,36,0,0,3,2,76.6,60.7,Jomo Cosmos,3,2028,283667.05,11596798.08,476960.4,26540823.89
Zanele Phiri,Moroka Swallows,2006-04-15,19,Divorced,1,Mozambican,Mozambican,Forward,Both,190,95,53,Recovering,PlayerFirst,211,14348,55,28,9,0,0,0,18,1,75.0,80.5,Baroka FC,5,2030,167675.29,20213788.69,1726484.61,4709575.45
Gugu Dlamini,Moroka Swallows,1988-05-09,37,Divorced,2,Zimbabwean,Zimbabwean,Forward,Right,168,86,9,Recovering,SoccerLink Africa,59,2950,65,40,2,2,0,0,2,2,79.0,67.1,Bidvest Wits,2,2027,261171.58,6616757.86,1048341.51,49958851.55
Sibusiso Mokoena,Golden Arrows,1990-05-18,35,Divorced,1,Ghanaian,Ghanaian,Midfielder,Both,176,78,24,Healthy,ProSport,183,11346,65,49,25,17,0,0,16,3,74.3,72.1,Free State Stars,5,2030,301614.58,6437995.96,1587287.66,19840117.96
Mandla Baloyi,Cape Town City,2001-02-24,24,Single,0,Zimbabwean,Zimbabwean,Defender,Left,195,89,82,Injured,ProSport,305,22265,4,2,71,26,0,0,19,3,79.8,84.9,Baroka FC,4,2029,265596.2,15756484.21,995843.9,1820427.43
Kagiso Mokoena,Golden Arrows,2003-06-11,22,Single,0,Zambian,Zambian,Defender,Left,176,86,38,Injured,SA Elite Agents,127,7366,7,11,95,46,0,0,9,0,87.4,81.5,None,2,2027,185071.15,24550182.81,110145.96,43721846.8
Khanyi Zulu,Cape Town City,1990-09-04,35,Married,1,South African,South African,Goalkeeper,Both,167,62,19,Injured,None,170,14960,9,3,27,54,152,8,11,2,78.4,55.5,Bidvest Wits,5,2030,335117.93,20016435.32,1181949.13,44109313.7
Sipho Khumalo,TS Galaxy,1990-02-10,35,Single,0,Malawian,Malawian,Goalkeeper,Right,190,80,32,Healthy,None,250,16250,0,6,9,50,8,42,20,3,89.8,82.3,Highlands Park,1,2026,321308.75,9026943.84,284056.11,7408202.99
Nomsa Ndlovu,Golden Arrows,2005-02-23,20,Divorced,0,Ghanaian,Ghanaian,Goalkeeper,Both,180,95,33,Injured,ProSport,170,10540,5,13,18,119,149,68,20,1,93.5,64.1,None,3,2028,121150.03,1757393.13,1350072.17,22121791.93
Mandla Khumalo,Orlando Pirates,1988-12-18,37,Widowed,1,Malawian,Malawian,Defender,Right,192,91,29,Injured,SA Elite Agents,197,15366,3,12,2,26,0,0,12,1,78.8,65.8,Free State Stars,2,2027,109938.38,20192324.94,734640.59,13422478.03
Kabelo Phiri,Chippa United,1997-07-02,28,Single,0,Malawian,Malawian,Forward,Right,169,65,22,Recovering,None,103,7519,43,4,9,9,0,0,15,0,85.2,66.9,Baroka FC,4,2029,134256.79,16083143.26,1065703.61,38977774.39
Sipho Hlongwane,Royal AM,1996-03-19,29,Widowed,0,Nigerian,Nigerian,Goalkeeper,Both,172,87,18,Recovering,ProSport,290,15080,4,12,30,16,131,35,8,3,70.3,72.9,Jomo Cosmos,2,2027,20541.16,24101944.09,53641.26,4142400.71
Siyanda Baloyi,Golden Arrows,1991-03-10,34,Single,0,Ghanaian,Ghanaian,Forward,Both,192,88,54,Recovering,ProSport,109,6540,57,23,30,13,0,0,0,3,93.3,48.7,Baroka FC,5,2030,242898.74,23588221.88,55703.31,16970414.3
Thabo Sithole,TS Galaxy,2003-12-24,22,Divorced,3,Mozambican,Mozambican,Midfielder,Right,172,73,41,Healthy,SA Elite Agents,76,3952,98,2,54,30,0,0,12,1,74.2,55.7,Free State Stars,1,2026,168574.4,12666747.0,649691.76,33405968.03
Lebogang Mashaba,AmaZulu FC,2003-11-22,22,Single,0,Mozambican,Mozambican,Forward,Both,188,91,1,Healthy,None,267,15753,7,25,17,13,0,0,15,2,91.8,42.6,Highlands Park,5,2030,105955.46,14656863.89,741945.17,1627185.27
Zanele Phiri,TS Galaxy,1993-09-12,32,Divorced,2,Zimbabwean,Zimbabwean,Forward,Left,177,91,89,Healthy,None,249,14691,117,44,3,18,0,0,15,2,90.3,57.1,None,1,2026,143974.33,8492261.48,518310.01,31513291.68
Thembi Mokoena,Sekhukhune United,1994-12-23,31,Divorced,1,Nigerian,Nigerian,Midfielder,Right,189,66,65,Recovering,None,86,7138,90,16,5,30,0,0,9,3,82.8,82.5,Black Leopards,5,2030,61516.17,21794093.25,1231346.73,32740943.7
Ayanda Mabaso,Bloemfontein Celtic,2005-03-02,20,Divorced,3,South African,South African,Defender,Both,169,90,2,Injured,None,95,6175,0,3,5,77,0,0,0,2,87.3,54.6,Free State Stars,1,2026,157412.97,17979771.82,1475415.03,20323883.96
Thabo Khumalo,Kaizer Chiefs,1993-02-07,32,Single,0,Nigerian,Nigerian,Goalkeeper,Right,184,83,26,Injured,None,261,18792,4,4,30,98,137,59,5,3,83.2,77.9,Free State Stars,4,2029,329683.89,14206110.82,1232860.04,31020900.55
Khanyi Baloyi,SuperSport United,1993-05-31,32,Married,4,Malawian,Malawian,Defender,Right,187,84,1,Healthy,None,346,29756,2,1,121,33,0,0,13,3,76.2,77.0,Highlands Park,4,2029,24461.93,10481992.09,1972535.76,2332071.61
Karabo Tshabalala,Stellenbosch FC,1991-02-18,34,Married,1,Mozambican,Mozambican,Forward,Right,168,83,93,Healthy,PlayerFirst,30,1740,106,49,17,3,0,0,9,1,79.6,83.1,Black Leopards,5,2030,165008.3,3580979.13,419349.22,13972595.5
Thembi Nkosi,Bloemfontein Celtic,1988-02-28,37,Married,4,Zambian,Zambian,Goalkeeper,Right,193,74,3,Injured,PlayerFirst,380,20520,6,4,19,3,103,67,1,2,74.9,73.4,Highlands Park,2,2027,292150.39,8172928.9,1744328.45,35562601.25
Kagiso Mabaso,AmaZulu FC,2004-08-06,21,Widowed,1,Mozambican,Mozambican,Forward,Left,188,79,2,Injured,SA Elite Agents,26,2262,3,48,18,1,0,0,4,0,73.7,80.9,Highlands Park,4,2029,140296.72,24027627.89,377319.95,46104125.29
Karabo Mokoena,Royal AM,2003-04-22,22,Single,0,Malawian,Malawian,Goalkeeper,Left,177,94,45,Injured,SA Elite Agents,308,22484,3,0,22,100,59,13,20,1,94.8,79.7,None,1,2026,264019.49,3594594.51,503517.0,49712212.77
Nomsa Khumalo,Moroka Swallows,2003-11-24,22,Married,2,Zimbabwean,Zimbabwean,Forward,Left,189,78,36,Injured,ProSport,224,19264,82,73,9,16,0,0,17,1,91.9,77.8,Free State Stars,4,2029,91422.3,849179.49,367346.22,24296706.21
Vusi Mahlangu,SuperSport United,2002-08-19,23,Married,0,Nigerian,Nigerian,Defender,Both,185,91,18,Recovering,ProSport,248,12648,10,12,74,96,0,0,0,0,87.4,44.1,None,2,2027,245058.1,20080159.44,635577.13,26833633.45
Mandla Khumalo,Mamelodi Sundowns,1997-06-26,28,Married,2,Malawian,Malawian,Defender,Left,185,86,11,Injured,None,396,28512,9,11,11,5,0,0,4,2,93.7,79.5,Jomo Cosmos,3,2028,85109.33,13787895.12,1030692.91,11914656.31
Lebogang Sithole,Golden Arrows,2004-07-19,21,Widowed,1,Zimbabwean,Zimbabwean,Defender,Right,172,80,65,Injured,None,110,6050,7,1,31,86,0,0,5,0,72.7,77.8,Highlands Park,3,2028,155970.21,13019171.09,1077245.74,34599274.57
Sipho Radebe,Cape Town City,1997-11-14,28,Married,1,Zimbabwean,Zimbabwean,Midfielder,Left,195,72,96,Recovering,SA Elite Agents,262,16244,1,42,51,120,0,0,9,2,86.2,57.2,None,5,2030,137021.4,729981.9,1309548.29,2893217.16
Sibusiso Khumalo,Polokwane City,2006-08-30,19,Divorced,1,Malawian,Malawian,Goalkeeper,Both,183,83,94,Healthy,SoccerLink Africa,216,16416,7,14,20,34,85,37,11,0,81.8,43.9,Highlands Park,5,2030,252156.6,10638383.77,1527424.22,8330388.79
Lindiwe Mabaso,TS Galaxy,1998-11-16,27,Married,3,Malawian,Malawian,Goalkeeper,Right,177,77,69,Injured,PlayerFirst,392,26656,1,15,24,50,126,76,3,0,91.1,47.6,Baroka FC,1,2026,130988.72,7382045.14,1615653.09,34145914.63
Kabelo Mahlangu,Royal AM,2005-06-19,20,Divorced,2,Ghanaian,Ghanaian,Defender,Left,187,75,89,Recovering,ProSport,196,15288,6,7,18,36,0,0,18,2,89.4,68.7,Free State Stars,2,2027,235156.3,20472204.18,965732.15,45357918.48
Lebogang Mashaba,Mamelodi Sundowns,1992-01-05,33,Widowed,0,Ghanaian,Ghanaian,Defender,Left,193,67,1,Healthy,PlayerFirst,384,31488,10,11,21,67,0,0,20,2,92.4,67.7,Bidvest Wits,4,2029,289078.94,8913701.48,411344.51,11258347.39
Tumelo Ngobeni,AmaZulu FC,1994-08-14,31,Divorced,0,Malawian,Malawian,Goalkeeper,Left,195,71,91,Healthy,None,15,960,4,1,23,36,169,4,6,1,83.6,47.1,Baroka FC,5,2030,157788.45,8657304.17,1683041.43,26891404.61
Sipho Radebe,Bloemfontein Celtic,2007-08-14,18,Widowed,0,Zambian,Zambian,Midfielder,Both,189,93,13,Injured,ProSport,358,23628,3,30,6,25,0,0,12,2,76.3,63.2,Tuks FC,3,2028,183032.05,21491221.06,410508.16,19897023.83
Thabo Phiri,Stellenbosch FC,1990-04-18,35,Widowed,0,Nigerian,Nigerian,Forward,Left,186,62,91,Recovering,ProSport,301,16254,18,32,2,3,0,0,13,3,70.4,56.5,Bidvest Wits,2,2027,253028.98,8106550.84,821271.42,45769663.23
Nomsa Molefe,SuperSport United,2006-09-12,19,Married,1,Zambian,Zambian,Defender,Right,187,90,88,Healthy,PlayerFirst,311,15550,1,4,103,118,0,0,10,0,82.2,84.9,Black Leopards,2,2027,216336.24,2394907.0,335159.55,8325080.46
Thabo Tshabalala,Cape Town City,1992-05-05,33,Single,1,Mozambican,Mozambican,Defender,Right,192,70,85,Healthy,SoccerLink Africa,221,17680,3,10,149,101,0,0,6,2,82.6,51.3,None,5,2030,245109.02,24229791.64,657346.08,29267587.98
Gugu Tshabalala,TS Galaxy,1993-04-05,32,Divorced,1,Ghanaian,Ghanaian,Forward,Both,183,94,47,Recovering,None,9,648,57,78,4,2,0,0,13,1,78.2,81.7,None,1,2026,139866.54,5016950.59,1208050.42,34187580.36
Mandla Mahlangu,Cape Town City,1999-10-10,26,Widowed,1,Malawian,Malawian,Goalkeeper,Right,166,71,50,Recovering,None,22,1782,4,11,29,43,27,12,10,0,84.0,71.9,Bidvest Wits,1,2026,219408.27,13629574.68,349913.89,24722943.76
Mpho Radebe,TS Galaxy,1995-08-06,30,Widowed,0,Malawian,Malawian,Forward,Both,175,64,21,Healthy,SA Elite Agents,295,16815,18,32,30,6,0,0,8,3,86.0,40.8,Bidvest Wits,2,2027,252992.59,4868920.61,1228970.27,14388147.66
Gugu Mashaba,Kaizer Chiefs,1997-02-06,28,Married,3,Ghanaian,Ghanaian,Forward,Both,182,60,99,Recovering,None,154,10934,35,48,2,11,0,0,1,3,80.6,63.0,Bidvest Wits,1,2026,269674.61,14123243.48,1743318.71,6428151.49
Thabo Mthembu,AmaZulu FC,1994-11-15,31,Widowed,0,Malawian,Malawian,Forward,Left,183,71,20,Injured,ProSport,108,8316,22,67,13,0,0,0,10,0,87.8,76.2,Bidvest Wits,2,2027,349720.39,15022950.76,1338288.0,9613973.26
Ayanda Mthembu,TS Galaxy,1993-02-03,32,Married,4,Zambian,Zambian,Defender,Right,179,85,46,Healthy,SoccerLink Africa,153,13464,10,9,82,82,0,0,0,2,92.6,71.8,Baroka FC,2,2027,214320.16,2495899.55,437258.15,9221368.69
Thembi Dlamini,Golden Arrows,2003-08-04,22,Divorced,2,Zimbabwean,Zimbabwean,Forward,Right,166,86,33,Recovering,None,63,3591,77,64,24,12,0,0,6,3,92.5,75.3,Jomo Cosmos,1,2026,344978.16,8735814.17,1376504.81,22057342.52
Ayanda Khumalo,Royal AM,1994-11-05,31,Divorced,0,Zimbabwean,Zimbabwean,Midfielder,Left,171,63,95,Recovering,PlayerFirst,303,25452,59,31,48,28,0,0,15,1,93.8,59.2,Baroka FC,5,2030,270325.23,23811616.63,515461.92,4036389.43
Vusi Radebe,Moroka Swallows,1993-07-06,32,Widowed,0,Zambian,Zambian,Midfielder,Right,193,94,70,Recovering,ProSport,160,8160,102,38,18,74,0,0,0,2,89.0,45.5,Bidvest Wits,1,2026,330497.66,4978395.52,1465053.27,35527771.13
Nokuthula Ndlovu,Moroka Swallows,1991-04-18,34,Divorced,2,South African,South African,Defender,Both,179,66,65,Injured,ProSport,46,2530,9,12,71,73,0,0,13,0,78.8,57.3,None,3,2028,127211.83,10744218.12,1581690.53,4468109.56
Lindiwe Zulu,Kaizer Chiefs,1993-11-18,32,Single,0,Malawian,Malawian,Forward,Both,180,90,56,Injured,SA Elite Agents,11,781,34,9,17,13,0,0,16,0,73.4,55.0,Baroka FC,1,2026,123271.27,17910002.9,358761.19,26600492.72
Sipho Phiri,Royal AM,1995-01-13,30,Single,0,Zimbabwean,Zimbabwean,Midfielder,Both,168,84,48,Injured,ProSport,33,2508,91,44,57,22,0,0,20,3,86.8,60.8,Free State Stars,1,2026,308719.59,19741059.41,702910.1,38186054.35
Zanele Zulu,Polokwane City,2003-01-04,22,Widowed,0,Malawian,Malawian,Midfielder,Left,173,74,3,Recovering,PlayerFirst,281,20794,82,1,138,70,0,0,0,0,85.8,84.0,Black Leopards,1,2026,272547.68,19425322.96,1649752.74,48656107.03
Mandla Ndlovu,Chippa United,1989-09-02,36,Widowed,0,Mozambican,Mozambican,Forward,Both,181,75,52,Injured,None,296,26048,0,3,10,9,0,0,7,1,93.6,69.9,Tuks FC,5,2030,111326.4,2412605.52,1444886.07,1749703.95
Gugu Mokoena,Bloemfontein Celtic,1990-05-13,35,Widowed,0,Zambian,Zambian,Midfielder,Left,178,73,34,Healthy,SoccerLink Africa,149,10132,19,33,43,6,0,0,2,2,75.4,81.7,Jomo Cosmos,4,2029,138354.49,13530605.68,409754.88,26584681.47
Nomsa Tshabalala,Polokwane City,1988-12-30,37,Divorced,2,South African,South African,Forward,Right,169,62,75,Injured,SoccerLink Africa,171,8721,21,38,30,1,0,0,20,0,93.3,49.9,Jomo Cosmos,3,2028,223075.08,11907249.51,948594.59,31840262.09
Kagiso Molefe,AmaZulu FC,1991-01-04,34,Divorced,0,Malawian,Malawian,Defender,Right,189,68,62,Healthy,None,28,2464,5,4,130,62,0,0,5,3,73.8,57.1,Black Leopards,1,2026,31614.69,14583801.24,1916318.64,28965922.61
Vusi Khumalo,AmaZulu FC,1995-09-13,30,Single,0,Malawian,Malawian,Forward,Left,189,67,72,Recovering,None,149,12963,59,78,30,7,0,0,8,1,86.2,50.4,Tuks FC,2,2027,334248.27,13023693.51,975933.83,40160496.6
Gugu Mashaba,Moroka Swallows,2000-12-10,25,Divorced,2,South African,South African,Goalkeeper,Right,171,92,95,Healthy,SoccerLink Africa,211,13926,3,6,0,17,13,59,6,1,90.4,53.9,Bidvest Wits,5,2030,120050.0,24868294.94,873106.58,48620089.4
Nokuthula Hlongwane,Stellenbosch FC,2001-04-19,24,Divorced,0,South African,South African,Goalkeeper,Both,184,61,53,Healthy,None,44,2728,2,9,10,92,177,33,0,0,70.5,55.7,Tuks FC,5,2030,231868.63,3085355.99,533445.02,46706662.69
Sipho Mashaba,Golden Arrows,1988-02-12,37,Married,4,Zambian,Zambian,Midfielder,Right,171,87,83,Injured,SoccerLink Africa,162,14418,47,55,13,36,0,0,3,3,93.0,70.0,Black Leopards,1,2026,136368.28,24342131.59,1704850.98,36882438.64
Sipho Mabaso,Golden Arrows,1991-11-12,34,Widowed,1,Ghanaian,Ghanaian,Goalkeeper,Left,176,84,26,Healthy,PlayerFirst,122,6832,6,5,2,6,146,31,6,2,84.0,79.0,Free State Stars,1,2026,98510.06,21680257.39,401521.06,6191234.65
Kagiso Phiri,Golden Arrows,1991-10-18,34,Single,0,Zambian,Zambian,Forward,Right,169,61,93,Healthy,SA Elite Agents,202,15150,84,8,8,14,0,0,14,2,85.2,73.2,Baroka FC,3,2028,129572.05,2820816.58,1224488.92,19334640.67
Nomsa Dlamini,Kaizer Chiefs,1988-07-05,37,Divorced,1,Nigerian,Nigerian,Forward,Right,189,81,25,Recovering,None,251,21335,22,64,6,0,0,0,4,3,72.9,44.2,Baroka FC,1,2026,186811.78,557228.41,1597334.73,18869221.32
Lindiwe Radebe,Chippa United,1996-02-14,29,Single,1,Zimbabwean,Zimbabwean,Forward,Right,181,74,40,Injured,None,233,13048,113,41,11,13,0,0,10,3,76.1,42.0,Bidvest Wits,4,2029,296879.45,19292244.09,1198579.04,24558509.54
Lindiwe Mabaso,Mamelodi Sundowns,1997-04-25,28,Married,3,Nigerian,Nigerian,Midfielder,Both,184,80,69,Recovering,PlayerFirst,13,767,67,52,67,3,0,0,0,3,88.9,43.7,Highlands Park,3,2028,190082.58,23997073.27,1336837.25,48951730.48
Vusi Mabena,Richards Bay FC,2001-06-19,24,Widowed,1,Malawian,Malawian,Midfielder,Both,168,82,20,Injured,ProSport,323,20349,113,18,28,108,0,0,10,3,76.7,74.9,None,5,2030,93523.54,14361811.01,394225.71,8876465.27
Boitumelo Radebe,Chippa United,2006-10-06,19,Married,3,Ghanaian,Ghanaian,Defender,Right,190,72,58,Injured,ProSport,238,16898,0,9,60,92,0,0,4,2,85.3,68.7,Free State Stars,2,2027,265836.11,16417579.41,1490616.28,39116638.7
Nomsa Hlongwane,Mamelodi Sundowns,1995-03-22,30,Widowed,0,Zambian,Zambian,Defender,Both,180,95,20,Healthy,SA Elite Agents,195,17160,3,9,145,79,0,0,0,2,81.2,63.3,Black Leopards,2,2027,23636.93,8978637.96,1196619.67,38314052.55
Kagiso Mokoena,TS Galaxy,2000-01-01,25,Married,0,South African,South African,Defender,Right,178,67,20,Recovering,ProSport,294,17640,0,9,70,50,0,0,3,3,71.0,42.5,Bidvest Wits,2,2027,223632.28,7006565.09,1624915.06,15684666.27
Sibusiso Dlamini,Richards Bay FC,2002-12-26,23,Single,1,Mozambican,Mozambican,Forward,Both,194,94,50,Recovering,ProSport,336,29232,23,54,5,18,0,0,8,0,78.2,77.8,None,4,2029,289601.83,11011512.77,1659717.33,19587232.9
Sibusiso Mthembu,Golden Arrows,1991-08-04,34,Married,0,Zambian,Zambian,Goalkeeper,Both,178,82,28,Recovering,ProSport,370,18870,2,14,16,34,5,65,3,3,94.9,59.2,None,5,2030,283876.04,20950128.25,380060.84,26195567.42
Boitumelo Phiri,Moroka Swallows,2006-07-05,19,Married,1,Zambian,Zambian,Goalkeeper,Both,178,65,75,Healthy,SoccerLink Africa,261,23490,3,10,8,76,80,25,8,0,77.5,68.6,None,4,2029,31865.41,3062066.5,1692275.6,9294731.76
Vusi Radebe,AmaZulu FC,1999-12-29,26,Divorced,3,Ghanaian,Ghanaian,Midfielder,Both,172,79,69,Recovering,ProSport,110,8140,71,36,55,54,0,0,11,0,75.7,70.1,Bidvest Wits,5,2030,109993.38,12015069.41,1492248.27,46692489.55
Nomsa Radebe,Kaizer Chiefs,2005-04-01,20,Single,0,Zimbabwean,Zimbabwean,Midfielder,Both,187,78,83,Injured,ProSport,376,28200,17,26,117,100,0,0,14,0,75.0,57.0,Black Leopards,5,2030,91453.28,818906.76,915981.76,10344681.28
Mandla Mabena,Polokwane City,2003-01-26,22,Married,2,South African,South African,Midfielder,Both,183,82,86,Injured,SA Elite Agents,398,34228,98,37,76,79,0,0,5,2,81.3,81.8,Tuks FC,4,2029,268665.13,23078827.84,1219603.5,36904870.14
Lebogang Mashaba,Stellenbosch FC,1987-11-29,38,Divorced,3,Mozambican,Mozambican,Defender,Both,193,71,30,Injured,None,48,4128,5,1,117,72,0,0,2,0,91.3,81.1,Bidvest Wits,1,2026,263174.83,791604.82,1014298.32,6086218.49
Sipho Mabaso,SuperSport United,1990-06-15,35,Divorced,3,Ghanaian,Ghanaian,Midfielder,Left,195,63,73,Recovering,PlayerFirst,335,21775,4,75,62,80,0,0,12,2,73.0,84.1,Bidvest Wits,1,2026,222650.2,17739370.88,731949.44,22609999.28
Thabo Mashaba,Mamelodi Sundowns,1995-01-05,30,Divorced,0,Zimbabwean,Zimbabwean,Defender,Left,179,81,84,Injured,SA Elite Agents,67,4020,2,6,74,117,0,0,5,2,79.0,59.1,Highlands Park,1,2026,166524.48,8103492.06,964018.28,27652543.37
Sipho Ngobeni,Kaizer Chiefs,1999-04-11,26,Married,1,South African,South African,Midfielder,Right,187,64,61,Healthy,None,238,12614,16,38,127,55,0,0,9,2,81.5,56.6,Bidvest Wits,1,2026,226260.77,16889273.88,581647.11,32839479.08
Khanyi Ngobeni,Chippa United,2005-08-23,20,Divorced,3,Zambian,Zambian,Midfielder,Both,179,84,6,Injured,None,142,7242,29,18,80,21,0,0,17,0,74.1,47.1,None,4,2029,81668.22,16209692.56,1642467.5,43582280.97
Khanyi Phiri,Stellenbosch FC,1996-12-15,29,Widowed,0,Nigerian,Nigerian,Defender,Both,176,79,10,Healthy,ProSport,90,5580,5,2,110,51,0,0,10,2,80.0,81.6,Baroka FC,1,2026,30594.58,1434568.9,203328.31,21705258.25
Tumelo Dlamini,Moroka Swallows,1991-11-23,34,Single,0,Zimbabwean,Zimbabwean,Goalkeeper,Left,181,80,84,Injured,ProSport,53,3021,9,7,20,97,100,26,10,0,88.1,62.6,Jomo Cosmos,4,2029,143173.06,7122506.63,883411.59,41925702.26
Mandla Baloyi,Cape Town City,2006-07-30,19,Widowed,0,Ghanaian,Ghanaian,Defender,Both,183,71,65,Recovering,ProSport,67,5360,4,5,45,63,0,0,9,2,90.4,63.7,Baroka FC,5,2030,193199.63,1169893.95,1982000.19,26272507.07
Gugu Molefe,Sekhukhune United,1995-03-18,30,Single,0,Mozambican,Mozambican,Midfielder,Right,184,61,28,Injured,ProSport,361,22021,1,42,75,42,0,0,8,1,87.9,76.5,Free State Stars,2,2027,265073.91,23217982.78,1452777.16,26489241.15
Nomsa Hlongwane,Cape Town City,2000-06-03,25,Married,4,Ghanaian,Ghanaian,Defender,Left,187,71,49,Recovering,SA Elite Agents,396,26136,6,0,75,19,0,0,10,1,76.5,82.9,Highlands Park,5,2030,188642.68,5731417.13,52347.01,41566825.4
Siyanda Mokoena,AmaZulu FC,2000-02-28,25,Divorced,3,South African,South African,Forward,Left,174,69,7,Injured,SA Elite Agents,156,12636,3,72,6,15,0,0,3,1,72.0,44.6,Black Leopards,3,2028,243393.89,4857929.15,674279.6,12739493.9
Thabo Khumalo,Moroka Swallows,1996-07-28,29,Single,0,South African,South African,Goalkeeper,Right,173,95,29,Injured,SA Elite Agents,326,25428,9,10,0,49,4,53,13,1,88.2,64.8,Tuks FC,1,2026,138191.13,14859273.33,749446.86,27510343.78
Boitumelo Mokoena,Richards Bay FC,1993-10-28,32,Widowed,1,Malawian,Malawian,Defender,Right,171,92,4,Recovering,PlayerFirst,290,14790,8,14,50,9,0,0,1,3,89.8,63.4,Bidvest Wits,4,2029,329528.39,13308361.57,1227342.94,5308287.74
Ayanda Mokoena,Polokwane City,1989-11-01,36,Divorced,0,Ghanaian,Ghanaian,Midfielder,Both,169,92,37,Injured,SA Elite Agents,329,23688,105,35,83,57,0,0,4,0,82.3,78.7,Tuks FC,4,2029,215173.37,7668787.7,1355340.65,35964133.64
Gugu Mahlangu,Bloemfontein Celtic,1993-10-22,32,Widowed,0,Mozambican,Mozambican,Forward,Both,166,93,23,Injured,ProSport,303,19392,106,65,27,13,0,0,3,3,88.2,53.8,Black Leopards,3,2028,31455.82,13218799.43,1478485.94,26215103.46
Lerato Sithole,Mamelodi Sundowns,2005-01-02,20,Widowed,0,Zambian,Zambian,Forward,Both,185,64,9,Injured,SA Elite Agents,275,18425,91,43,26,18,0,0,18,0,79.9,83.5,Tuks FC,1,2026,90588.92,22598801.93,790364.79,48592024.38
Boitumelo Radebe,Sekhukhune United,2002-09-24,23,Single,0,Ghanaian,Ghanaian,Goalkeeper,Right,171,92,85,Injured,None,110,7260,1,5,10,14,77,32,4,2,93.3,69.6,Jomo Cosmos,1,2026,161352.73,24540830.44,1878726.96,31270772.8
Ayanda Zulu,Orlando Pirates,1996-01-27,29,Single,1,Ghanaian,Ghanaian,Goalkeeper,Right,190,92,10,Injured,SA Elite Agents,275,15125,2,13,29,11,92,25,14,3,86.7,78.2,None,5,2030,156921.09,19941010.53,1243247.17,16286444.49
Boitumelo Ndlovu,Kaizer Chiefs,2002-11-07,23,Married,3,Malawian,Malawian,Goalkeeper,Both,180,68,77,Recovering,ProSport,305,22570,9,2,2,78,166,33,16,2,95.0,51.0,Highlands Park,3,2028,226094.04,14697793.01,443667.86,35775733.74
Mpho Tshabalala,Kaizer Chiefs,1998-01-28,27,Single,1,Malawian,Malawian,Goalkeeper,Left,173,73,1,Injured,None,241,21690,8,5,8,43,62,17,0,0,72.6,48.2,None,5,2030,98022.29,22955437.82,531672.05,45730464.27
Karabo Phiri,Chippa United,1991-09-05,34,Widowed,0,Zambian,Zambian,Goalkeeper,Left,194,75,93,Recovering,None,375,33375,8,12,5,48,173,78,11,3,81.7,62.1,Bidvest Wits,2,2027,88735.61,20729311.91,1301398.14,27530555.72
Khanyi Mahlangu,SuperSport United,2002-04-09,23,Married,1,Mozambican,Mozambican,Defender,Right,167,87,81,Healthy,PlayerFirst,239,20554,7,9,82,105,0,0,9,0,90.5,62.5,Baroka FC,4,2029,312978.3,22806446.46,583798.06,41337833.79
Lebogang Mashaba,Royal AM,1997-12-15,28,Widowed,0,Zambian,Zambian,Midfielder,Both,192,64,67,Healthy,SA Elite Agents,225,18000,35,38,37,104,0,0,18,3,91.9,78.9,Baroka FC,1,2026,289705.32,20852101.17,1142154.1,28230826.76
Thembi Ndlovu,Orlando Pirates,2000-07-29,25,Single,0,Zimbabwean,Zimbabwean,Midfielder,Right,192,83,15,Injured,SoccerLink Africa,109,5668,61,68,74,38,0,0,18,1,86.9,68.3,Tuks FC,2,2027,237873.75,2981323.55,1559061.26,49761725.66
Kabelo Mabena,Kaizer Chiefs,1992-08-13,33,Married,1,Nigerian,Nigerian,Defender,Both,195,93,15,Injured,PlayerFirst,346,17992,5,5,18,40,0,0,15,3,71.7,76.2,Tuks FC,2,2027,113775.95,10165897.84,1427991.74,28248786.77
Kagiso Hlongwane,AmaZulu FC,1995-11-02,30,Married,0,Zambian,Zambian,Defender,Right,167,64,5,Recovering,PlayerFirst,94,8272,0,0,30,118,0,0,0,2,90.1,65.9,Bidvest Wits,3,2028,95067.86,3873746.48,1121951.52,36006413.11
Sibusiso Radebe,Chippa United,2002-03-08,23,Widowed,0,Zimbabwean,Zimbabwean,Defender,Both,185,95,14,Healthy,None,107,6099,3,0,15,62,0,0,2,0,81.9,77.0,Highlands Park,2,2027,166172.23,2519800.18,522045.98,16600001.56
Thembi Ndlovu,Golden Arrows,2000-06-27,25,Widowed,0,South African,South African,Defender,Left,194,61,11,Healthy,PlayerFirst,5,310,0,10,93,96,0,0,5,2,81.3,42.2,Bidvest Wits,3,2028,194160.91,4131040.05,1203122.89,39056195.32
Sibusiso Ngobeni,AmaZulu FC,1988-01-15,37,Divorced,1,Zimbabwean,Zimbabwean,Forward,Left,191,64,5,Healthy,PlayerFirst,145,10295,82,33,26,12,0,0,2,1,77.2,56.8,Free State Stars,1,2026,313365.14,2933509.35,1668732.21,38720913.63
Lindiwe Molefe,Chippa United,1991-08-31,34,Widowed,1,Ghanaian,Ghanaian,Midfielder,Both,184,75,55,Healthy,SoccerLink Africa,166,11122,114,0,97,82,0,0,13,1,75.9,84.9,Jomo Cosmos,2,2027,205719.77,12948606.1,1846585.06,34125183.76
Vusi Hlongwane,Cape Town City,1990-03-29,35,Widowed,0,South African,South African,Defender,Left,165,92,86,Recovering,SoccerLink Africa,84,7308,3,5,61,3,0,0,9,3,76.9,79.7,None,5,2030,251784.67,5589372.72,878049.51,49081529.54
Kagiso Mashaba,Polokwane City,2004-05-06,21,Divorced,2,Ghanaian,Ghanaian,Forward,Right,169,88,93,Recovering,PlayerFirst,62,3100,64,37,25,16,0,0,1,0,73.4,42.0,Jomo Cosmos,5,2030,275762.95,10143610.76,431801.5,43123526.6
Boitumelo Mabena,SuperSport United,1987-12-12,38,Single,0,Zambian,Zambian,Defender,Left,188,62,88,Injured,ProSport,107,7276,7,4,5,22,0,0,1,1,79.4,73.3,Highlands Park,5,2030,159733.13,2346679.41,883902.63,5307899.05
Nomsa Dlamini,TS Galaxy,2007-01-25,18,Married,2,Zimbabwean,Zimbabwean,Goalkeeper,Right,171,89,45,Healthy,SoccerLink Africa,176,9856,3,10,10,49,159,60,18,0,91.3,52.3,Tuks FC,4,2029,328230.78,11837265.49,816084.62,29479699.32
Nokuthula Mthembu,Mamelodi Sundowns,1994-11-27,31,Single,0,Malawian,Malawian,Midfielder,Both,181,68,83,Healthy,None,247,15808,114,21,3,35,0,0,16,3,81.2,45.7,Highlands Park,3,2028,339581.5,5235061.4,865594.53,28642519.32
Thembi Dlamini,Orlando Pirates,1991-11-23,34,Widowed,0,South African,South African,Midfielder,Left,172,92,55,Recovering,SoccerLink Africa,341,29667,24,61,123,9,0,0,18,3,81.7,69.0,None,3,2028,144966.03,3710553.11,721907.58,10233987.56
Kagiso Mthembu,Royal AM,2004-10-27,21,Married,4,Mozambican,Mozambican,Forward,Left,169,62,11,Healthy,SoccerLink Africa,216,15120,10,50,11,19,0,0,14,2,81.9,77.3,Free State Stars,5,2030,122890.92,23049641.41,833679.08,47526832.51
Sipho Baloyi,Polokwane City,1989-03-10,36,Single,0,South African,South African,Forward,Both,183,93,69,Healthy,ProSport,116,6380,91,48,17,18,0,0,2,0,86.2,84.6,Bidvest Wits,2,2027,57284.25,2166145.9,485161.98,21187928.48
Siyanda Baloyi,Sekhukhune United,1994-03-19,31,Widowed,1,Nigerian,Nigerian,Midfielder,Right,191,63,99,Healthy,SA Elite Agents,243,21870,25,10,58,4,0,0,11,0,84.3,75.8,Baroka FC,2,2027,34351.82,3963095.48,702885.57,48656276.42
Karabo Molefe,Kaizer Chiefs,1998-07-05,27,Widowed,0,Malawian,Malawian,Forward,Right,182,86,17,Injured,None,351,26676,58,47,18,20,0,0,5,0,81.5,42.2,Highlands Park,1,2026,113528.49,2289408.01,453807.9,20201650.28
Thabo Mabena,Polokwane City,1993-04-22,32,Married,0,Malawian,Malawian,Forward,Right,189,62,20,Injured,SoccerLink Africa,300,20100,40,52,28,16,0,0,11,3,82.8,45.6,Highlands Park,3,2028,38737.87,4792824.61,1603811.21,16336540.76
Zanele Mabaso,Kaizer Chiefs,1996-04-10,29,Married,4,Mozambican,Mozambican,Forward,Left,182,66,57,Injured,SA Elite Agents,359,23694,106,36,13,14,0,0,5,3,73.8,71.8,Tuks FC,4,2029,304131.02,23854068.6,1120810.17,18392449.9
Nomsa Zulu,Orlando Pirates,1999-06-16,26,Widowed,0,Zambian,Zambian,Goalkeeper,Right,169,81,75,Healthy,None,195,13455,2,3,27,40,191,35,9,3,71.6,80.8,Free State Stars,1,2026,136824.71,16202823.36,883095.95,24371416.15
Lebogang Zulu,Chippa United,1990-02-11,35,Single,1,South African,South African,Midfielder,Right,190,93,80,Injured,SA Elite Agents,304,16720,37,18,37,38,0,0,14,1,79.4,54.3,None,5,2030,47646.67,3454519.12,1811978.29,47405393.38
Thabo Baloyi,Richards Bay FC,2000-07-16,25,Single,1,Ghanaian,Ghanaian,Goalkeeper,Left,183,69,94,Healthy,SA Elite Agents,315,16065,1,6,1,116,66,74,19,0,86.8,50.7,None,4,2029,339205.83,11706402.13,505719.22,15960162.06
Lebogang Tshabalala,TS Galaxy,1990-10-28,35,Divorced,3,Ghanaian,Ghanaian,Forward,Left,171,86,98,Injured,None,124,6448,48,3,9,8,0,0,1,3,81.3,80.9,Bidvest Wits,5,2030,44402.85,10232588.26,1256938.46,10715350.87
Siyanda Mabaso,Kaizer Chiefs,1989-10-12,36,Divorced,2,Zambian,Zambian,Midfielder,Left,189,89,76,Injured,ProSport,319,24882,47,69,82,106,0,0,1,0,70.2,71.8,Free State Stars,3,2028,157593.67,16805705.5,730450.57,31883268.45
Karabo Phiri,Sekhukhune United,2003-01-27,22,Widowed,0,South African,South African,Forward,Left,183,80,84,Healthy,SA Elite Agents,303,19998,28,70,3,7,0,0,0,3,81.3,60.1,Tuks FC,4,2029,144409.11,23861984.75,1573427.47,34824804.53
Kabelo Mokoena,Richards Bay FC,2002-03-25,23,Single,0,Mozambican,Mozambican,Defender,Both,187,91,21,Recovering,SA Elite Agents,126,9072,3,7,122,100,0,0,7,2,88.7,60.2,Black Leopards,2,2027,126574.35,19040090.16,489316.58,23119029.35
Sipho Nkosi,Royal AM,2007-04-30,18,Divorced,1,Malawian,Malawian,Midfielder,Left,176,65,76,Healthy,None,172,9460,33,40,116,2,0,0,6,1,71.6,70.1,Highlands Park,5,2030,299916.07,22205108.17,1407125.26,30384965.47
Nomsa Molefe,Polokwane City,2000-09-06,25,Married,1,Zambian,Zambian,Forward,Right,165,75,87,Recovering,None,336,27216,56,34,9,1,0,0,3,3,93.5,50.2,Bidvest Wits,3,2028,144189.49,14536450.96,484866.76,47675563.74
Tumelo Molefe,AmaZulu FC,2006-05-05,19,Divorced,1,South African,South African,Midfielder,Left,167,82,99,Injured,PlayerFirst,164,14104,75,33,54,107,0,0,9,2,72.4,66.1,Baroka FC,5,2030,115934.8,11324096.07,959476.37,30258669.2
Kagiso Baloyi,Royal AM,1997-12-30,28,Married,3,Mozambican,Mozambican,Goalkeeper,Left,185,78,2,Recovering,SA Elite Agents,81,4860,10,3,10,49,200,41,6,0,89.0,41.0,None,5,2030,281675.14,14542796.76,67298.84,7039247.16
Siyanda Radebe,Golden Arrows,1988-11-04,37,Widowed,0,South African,South African,Goalkeeper,Both,170,68,1,Recovering,SA Elite Agents,294,24402,6,0,29,30,95,51,12,1,72.1,82.7,Free State Stars,1,2026,95394.36,13304308.64,1829929.36,1388461.79
Lindiwe Tshabalala,Orlando Pirates,1998-01-25,27,Married,3,Mozambican,Mozambican,Defender,Right,194,80,34,Healthy,ProSport,19,1596,8,6,48,104,0,0,6,3,72.9,73.9,Black Leopards,3,2028,143211.39,10490972.73,1635827.47,40456834.65
Mpho Radebe,Polokwane City,1991-10-24,34,Divorced,0,Zambian,Zambian,Midfielder,Both,182,92,89,Healthy,PlayerFirst,83,5146,92,34,8,109,0,0,2,3,76.7,82.0,Free State Stars,2,2027,274933.37,9294272.32,1078861.73,15507139.74
Khanyi Tshabalala,Richards Bay FC,1995-04-12,30,Widowed,0,South African,South African,Defender,Left,193,78,3,Recovering,ProSport,118,10502,3,15,88,88,0,0,6,0,83.0,82.2,Tuks FC,1,2026,318206.68,16175705.83,692200.55,38347094.61
Nomsa Hlongwane,Golden Arrows,1988-09-09,37,Married,1,South African,South African,Defender,Right,189,86,22,Recovering,None,59,4543,3,12,30,113,0,0,13,2,90.3,75.9,None,1,2026,80980.52,975559.35,1151564.14,43384516.82
Mandla Sithole,Polokwane City,1995-10-20,30,Married,0,Zambian,Zambian,Defender,Right,169,91,92,Healthy,PlayerFirst,124,9796,9,7,62,52,0,0,19,1,89.0,44.2,Bidvest Wits,1,2026,32157.71,13480497.56,823871.56,41481799.95
Mpho Hlongwane,SuperSport United,2001-01-12,24,Widowed,1,South African,South African,Goalkeeper,Right,170,74,42,Healthy,PlayerFirst,327,19620,6,1,27,44,28,49,20,2,75.0,84.4,Bidvest Wits,3,2028,33137.0,17834805.35,1924366.98,41861632.66
Vusi Nkosi,Stellenbosch FC,2007-07-13,18,Single,0,Ghanaian,Ghanaian,Midfielder,Left,174,74,60,Injured,SA Elite Agents,387,27864,4,60,4,13,0,0,17,2,75.7,47.0,Highlands Park,3,2028,29126.94,1842762.71,1868126.44,46925160.42
Nokuthula Dlamini,Polokwane City,1997-10-12,28,Widowed,1,South African,South African,Forward,Left,179,87,72,Recovering,None,330,21120,109,44,24,17,0,0,19,3,89.3,50.5,Tuks FC,3,2028,114152.47,2057455.84,93846.16,19991624.04
Thabo Mashaba,Golden Arrows,2006-04-06,19,Single,1,Malawian,Malawian,Defender,Left,179,83,7,Recovering,PlayerFirst,48,4176,7,9,77,77,0,0,18,2,84.0,52.5,Free State Stars,1,2026,248355.93,5390108.01,1927188.66,42404813.58
Lindiwe Tshabalala,Polokwane City,1994-08-08,31,Single,0,Mozambican,Mozambican,Forward,Left,171,88,25,Healthy,None,235,15040,12,31,16,20,0,0,12,2,83.6,59.2,Black Leopards,3,2028,315228.82,8346712.44,503029.05,49377504.57
Khanyi Ndlovu,Richards Bay FC,1990-02-26,35,Divorced,2,Nigerian,Nigerian,Midfielder,Left,191,89,65,Healthy,None,83,4565,9,75,81,41,0,0,14,2,85.1,79.9,Jomo Cosmos,3,2028,39623.89,22572445.89,1843104.73,17606792.16
Lerato Dlamini,Polokwane City,1990-02-14,35,Divorced,2,Zimbabwean,Zimbabwean,Forward,Both,179,86,68,Injured,SA Elite Agents,177,13806,13,51,4,8,0,0,3,3,95.0,44.3,Tuks FC,1,2026,47746.99,1976746.97,1073139.62,33670077.0
Thabo Sithole,Bloemfontein Celtic,1997-11-11,28,Divorced,0,Mozambican,Mozambican,Goalkeeper,Both,184,90,83,Injured,None,364,18564,2,13,5,27,12,46,10,3,83.2,51.2,Free State Stars,2,2027,192257.0,11841085.59,244053.64,24683983.69
Kagiso Khumalo,Mamelodi Sundowns,1994-04-24,31,Single,0,Mozambican,Mozambican,Goalkeeper,Left,169,90,70,Healthy,None,373,22753,6,9,11,40,74,74,8,2,85.1,70.1,Bidvest Wits,2,2027,58201.9,10250362.12,1549792.46,48311959.28
Mpho Zulu,TS Galaxy,2007-01-03,18,Divorced,2,Malawian,Malawian,Goalkeeper,Right,166,61,42,Injured,PlayerFirst,1,73,5,14,5,69,42,42,9,1,90.4,41.5,Black Leopards,2,2027,150943.65,1061705.4,1963106.2,3211734.55
Nomsa Ndlovu,Golden Arrows,1995-03-02,30,Divorced,2,South African,South African,Defender,Left,181,90,76,Recovering,PlayerFirst,288,25920,5,15,5,52,0,0,16,3,82.0,80.5,Baroka FC,5,2030,286696.03,14899244.21,1565093.65,38388129.78
Zanele Mokoena,Richards Bay FC,2004-03-15,21,Single,1,Zambian,Zambian,Defender,Left,178,78,27,Injured,PlayerFirst,369,29889,3,15,103,33,0,0,5,3,93.4,83.0,Black Leopards,4,2029,34353.54,4374226.88,1883536.76,7224744.11
Lebogang Mabaso,SuperSport United,2003-04-11,22,Married,1,Ghanaian,Ghanaian,Goalkeeper,Right,174,84,8,Recovering,SoccerLink Africa,266,15428,7,11,16,77,183,64,16,3,76.2,76.4,None,3,2028,136798.81,12044731.95,1632445.08,44302964.68
Nokuthula Mahlangu,Kaizer Chiefs,1998-09-03,27,Single,0,Ghanaian,Ghanaian,Goalkeeper,Both,188,73,55,Healthy,SoccerLink Africa,249,15687,7,3,0,45,15,1,10,1,92.0,46.7,Free State Stars,2,2027,47697.42,11822879.06,583572.91,39920910.2
Kabelo Phiri,Golden Arrows,2002-12-28,23,Single,0,Zambian,Zambian,Forward,Left,176,94,41,Injured,SA Elite Agents,185,12950,43,24,30,6,0,0,4,0,80.0,47.3,Baroka FC,5,2030,274501.65,18459786.89,814575.46,37779219.68
Sipho Tshabalala,Stellenbosch FC,2004-11-10,21,Widowed,1,Nigerian,Nigerian,Forward,Both,194,62,44,Healthy,SA Elite Agents,26,2288,110,1,22,11,0,0,4,2,78.1,73.0,Jomo Cosmos,4,2029,189828.84,4789489.44,950007.73,8029411.22
Kabelo Nkosi,Polokwane City,1989-01-04,36,Single,0,Zimbabwean,Zimbabwean,Defender,Left,175,65,3,Recovering,PlayerFirst,362,19186,5,11,26,7,0,0,12,1,88.4,76.9,Highlands Park,2,2027,87451.89,18715891.19,828122.43,12237304.4
Khanyi Radebe,Royal AM,1997-10-01,28,Widowed,1,Zimbabwean,Zimbabwean,Goalkeeper,Both,183,71,91,Injured,ProSport,17,1428,10,15,26,96,114,41,3,1,80.7,67.3,Highlands Park,2,2027,35408.22,24223129.37,750905.54,26650775.15
Kagiso Molefe,Sekhukhune United,2002-06-01,23,Divorced,1,Mozambican,Mozambican,Midfielder,Left,181,65,74,Injured,ProSport,275,22825,71,11,14,114,0,0,4,2,87.0,82.8,None,2,2027,82014.63,18261896.7,1323280.39,10831979.32
Mandla Mabena,Richards Bay FC,1993-09-17,32,Married,1,Mozambican,Mozambican,Goalkeeper,Both,190,75,57,Healthy,ProSport,386,21230,5,4,6,72,184,26,16,1,90.3,51.4,Jomo Cosmos,2,2027,231055.75,10483151.43,1921343.43,20070708.91
Nomsa Mashaba,Royal AM,1994-05-28,31,Single,1,Nigerian,Nigerian,Midfielder,Right,165,91,23,Injured,ProSport,58,3016,90,33,5,15,0,0,13,0,85.4,80.0,Black Leopards,5,2030,294930.69,16279515.17,248529.71,34273669.81
Thembi Mthembu,SuperSport United,1994-06-14,31,Single,0,Malawian,Malawian,Goalkeeper,Right,169,76,85,Recovering,SoccerLink Africa,325,24050,10,5,0,81,188,11,6,0,84.1,81.0,Highlands Park,2,2027,225031.37,6955522.52,391969.82,23228609.23
Lerato Tshabalala,Chippa United,1995-01-08,30,Widowed,0,Zambian,Zambian,Defender,Right,192,63,63,Injured,ProSport,186,12276,2,0,150,48,0,0,20,0,75.5,77.4,Bidvest Wits,1,2026,312962.52,24226785.17,1007659.83,17471517.99
Lindiwe Mabaso,Mamelodi Sundowns,1993-06-18,32,Single,0,Mozambican,Mozambican,Goalkeeper,Right,192,91,81,Injured,ProSport,350,24150,8,0,22,19,34,74,15,0,84.0,71.9,Bidvest Wits,4,2029,218054.87,10204385.12,1392787.85,31475518.74
Lebogang Mabena,Mamelodi Sundowns,1993-01-06,32,Divorced,0,Ghanaian,Ghanaian,Midfielder,Right,180,90,13,Recovering,SoccerLink Africa,377,24505,18,6,81,113,0,0,9,2,84.9,57.1,Tuks FC,2,2027,215318.95,24887821.58,1463264.18,14842277.34
Ayanda Sithole,AmaZulu FC,1996-03-28,29,Divorced,3,Nigerian,Nigerian,Forward,Right,179,60,89,Injured,PlayerFirst,35,2170,29,25,21,17,0,0,8,0,93.4,56.9,Free State Stars,1,2026,110286.96,20546426.8,1750386.29,25517028.12
Karabo Phiri,Chippa United,2002-03-08,23,Married,0,Nigerian,Nigerian,Forward,Right,185,89,82,Healthy,SoccerLink Africa,259,14245,114,29,27,0,0,0,4,0,92.7,63.7,Bidvest Wits,4,2029,222610.71,14149027.12,1669698.76,40543057.68
Nomsa Zulu,Sekhukhune United,2006-01-31,19,Widowed,0,South African,South African,Forward,Right,185,83,52,Recovering,None,343,30527,81,3,3,16,0,0,1,0,91.9,49.9,Black Leopards,2,2027,229279.67,2800415.46,165107.02,7885937.44
Karabo Zulu,Chippa United,2004-09-30,21,Married,3,South African,South African,Forward,Both,180,67,6,Injured,PlayerFirst,220,15180,23,22,22,2,0,0,12,3,77.2,44.1,Baroka FC,3,2028,179936.19,12340948.33,420567.59,28741000.89
Khanyi Ndlovu,Richards Bay FC,1991-05-24,34,Married,0,Nigerian,Nigerian,Goalkeeper,Left,170,93,6,Recovering,PlayerFirst,232,17864,0,1,23,84,140,42,4,1,88.7,47.9,Jomo Cosmos,5,2030,22163.08,10973833.36,1191516.32,18014521.83
Khanyi Nkosi,Chippa United,1988-07-15,37,Single,1,Ghanaian,Ghanaian,Forward,Both,178,83,87,Injured,SoccerLink Africa,316,27808,75,6,24,12,0,0,6,1,94.7,80.1,Bidvest Wits,5,2030,207065.76,13616085.99,1310991.41,2100612.48
Karabo Nkosi,Cape Town City,1990-07-09,35,Divorced,2,Zimbabwean,Zimbabwean,Forward,Right,172,89,63,Healthy,ProSport,216,15336,72,44,23,5,0,0,1,3,87.4,76.9,Black Leopards,1,2026,299480.7,5014432.88,601574.3,49901495.94
Thabo Phiri,Moroka Swallows,2003-06-11,22,Single,1,Zimbabwean,Zimbabwean,Forward,Both,182,90,41,Recovering,None,259,17612,105,51,13,10,0,0,8,0,70.4,84.7,Free State Stars,2,2027,148867.57,23930528.87,265990.23,22796053.43
Gugu Tshabalala,AmaZulu FC,1995-07-02,30,Divorced,1,Zambian,Zambian,Midfielder,Right,175,81,48,Healthy,None,108,6588,91,2,44,99,0,0,4,3,88.3,73.9,Jomo Cosmos,2,2027,83971.15,15036925.31,1321169.17,17557420.98
Kagiso Mashaba,Stellenbosch FC,2003-03-22,22,Divorced,2,Zimbabwean,Zimbabwean,Goalkeeper,Right,166,60,84,Recovering,None,329,23688,2,13,21,0,112,36,7,2,80.9,72.6,None,5,2030,230229.86,13568063.43,838346.97,18438909.97
Khanyi Ndlovu,Golden Arrows,2004-03-27,21,Single,0,Nigerian,Nigerian,Forward,Left,181,74,77,Recovering,SA Elite Agents,392,27440,3,41,0,20,0,0,4,2,77.9,66.7,Bidvest Wits,4,2029,168984.05,21293647.38,1629196.95,36064365.17
Ayanda Mabaso,Bloemfontein Celtic,1989-07-03,36,Widowed,0,South African,South African,Goalkeeper,Left,189,90,37,Healthy,SoccerLink Africa,279,20646,6,0,6,78,115,60,12,3,92.5,45.2,Baroka FC,5,2030,56747.21,24979190.35,1404814.47,14067474.71
Karabo Mthembu,AmaZulu FC,1999-03-08,26,Divorced,3,South African,South African,Defender,Right,187,81,70,Injured,ProSport,280,19600,0,1,72,27,0,0,12,2,79.7,78.9,Baroka FC,1,2026,35663.78,14615884.32,682614.47,37740557.99
Ayanda Molefe,Sekhukhune United,1999-07-23,26,Single,1,Zambian,Zambian,Forward,Left,182,74,41,Injured,None,213,16827,77,35,27,1,0,0,5,1,92.9,73.6,Jomo Cosmos,3,2028,191175.09,3038845.0,447700.09,10263763.77
Thembi Phiri,Royal AM,2005-06-03,20,Widowed,1,Mozambican,Mozambican,Midfielder,Both,184,62,31,Healthy,SoccerLink Africa,384,29184,102,71,40,52,0,0,8,2,77.1,78.6,Baroka FC,2,2027,134196.87,22061524.15,900223.37,40373485.46
Khanyi Mthembu,Sekhukhune United,1999-04-23,26,Married,4,Mozambican,Mozambican,Goalkeeper,Left,170,68,22,Healthy,PlayerFirst,196,16464,7,4,19,29,57,30,9,3,87.0,72.2,Free State Stars,2,2027,77349.61,9845842.09,1690413.99,32960879.26
Nomsa Mthembu,Moroka Swallows,2006-11-02,19,Single,0,Mozambican,Mozambican,Defender,Left,178,82,23,Healthy,SoccerLink Africa,47,3102,5,9,58,40,0,0,19,3,84.7,84.0,Jomo Cosmos,1,2026,277428.3,5725466.67,1461889.96,25118729.18
Gugu Ngobeni,Mamelodi Sundowns,1989-12-05,36,Divorced,1,Ghanaian,Ghanaian,Forward,Left,180,77,72,Injured,PlayerFirst,282,20868,7,78,5,5,0,0,18,2,70.6,61.9,Tuks FC,5,2030,266521.1,10847472.23,1963160.08,45727741.49
Siyanda Mabena,Sekhukhune United,1992-12-15,33,Widowed,0,Mozambican,Mozambican,Midfielder,Right,169,76,31,Recovering,SoccerLink Africa,357,27132,118,75,2,33,0,0,3,3,88.3,62.1,Jomo Cosmos,3,2028,111895.55,22141826.27,854814.46,26915454.74
Lindiwe Zulu,Orlando Pirates,1991-01-04,34,Single,0,Nigerian,Nigerian,Midfielder,Left,186,72,66,Healthy,PlayerFirst,230,16100,58,48,120,45,0,0,15,0,70.8,43.9,Highlands Park,1,2026,108631.95,23519504.23,665229.51,27677496.28
Khanyi Nkosi,Sekhukhune United,2007-06-13,18,Single,0,Mozambican,Mozambican,Midfielder,Both,176,69,49,Healthy,SoccerLink Africa,270,16740,92,44,13,53,0,0,6,0,93.0,58.6,Baroka FC,2,2027,219836.94,19109910.68,387681.64,35859896.96
Khanyi Ndlovu,Moroka Swallows,2006-02-03,19,Widowed,0,Malawian,Malawian,Forward,Both,182,85,11,Recovering,ProSport,192,16704,58,66,15,5,0,0,16,1,94.3,77.0,Jomo Cosmos,3,2028,315315.28,6077747.85,362008.05,8333817.03
Khanyi Baloyi,Bloemfontein Celtic,1998-08-08,27,Widowed,1,Zambian,Zambian,Forward,Right,174,95,47,Healthy,SoccerLink Africa,231,17094,112,51,13,7,0,0,9,2,80.6,78.8,Baroka FC,5,2030,72088.82,12602518.7,1365238.27,17069776.52
Siyanda Mokoena,Orlando Pirates,2003-02-17,22,Single,0,Zimbabwean,Zimbabwean,Defender,Right,178,60,4,Injured,SA Elite Agents,311,24880,8,3,146,0,0,0,9,2,93.4,46.6,Tuks FC,5,2030,277056.81,6974208.95,1973479.4,12895654.53
Vusi Phiri,Golden Arrows,2000-07-14,25,Widowed,0,Ghanaian,Ghanaian,Defender,Both,186,70,19,Recovering,None,314,23864,3,15,21,50,0,0,12,3,78.3,65.2,Black Leopards,1,2026,198295.5,20268890.15,858208.51,32746728.39
Sibusiso Tshabalala,Bloemfontein Celtic,1997-03-07,28,Single,1,South African,South African,Midfielder,Left,174,78,75,Healthy,ProSport,146,10950,91,27,136,66,0,0,15,0,70.8,73.7,Tuks FC,4,2029,330473.49,13957933.74,1587531.71,3118597.68
Nokuthula Ngobeni,Richards Bay FC,2000-01-11,25,Divorced,3,South African,South African,Forward,Right,168,93,93,Recovering,SoccerLink Africa,216,15120,86,4,11,9,0,0,3,1,91.9,80.8,Baroka FC,3,2028,235041.4,16696431.91,714543.65,23381613.78
Vusi Radebe,Stellenbosch FC,2000-03-22,25,Divorced,3,Zimbabwean,Zimbabwean,Midfielder,Left,166,93,6,Recovering,SoccerLink Africa,142,10224,112,76,93,34,0,0,20,2,93.7,74.4,Black Leopards,4,2029,91919.71,14407460.17,1394998.31,20138182.68
Ayanda Khumalo,Moroka Swallows,1998-02-05,27,Married,4,Nigerian,Nigerian,Goalkeeper,Left,165,68,54,Recovering,PlayerFirst,227,17479,4,10,17,91,35,18,17,1,93.0,70.9,Black Leopards,2,2027,272451.65,23853880.24,1517232.07,6724308.67
Tumelo Dlamini,Chippa United,1998-12-12,27,Widowed,1,Malawian,Malawian,Defender,Left,187,73,86,Recovering,SA Elite Agents,260,20020,5,4,91,92,0,0,20,3,89.0,42.3,Black Leopards,4,2029,343481.45,3887075.67,503484.94,42975989.16
Vusi Dlamini,Royal AM,2006-08-13,19,Single,1,Ghanaian,Ghanaian,Goalkeeper,Left,193,74,48,Healthy,PlayerFirst,318,23214,6,6,8,79,126,54,20,1,86.6,54.8,None,3,2028,302337.68,3301303.87,1910352.22,43093384.54
Kabelo Mahlangu,TS Galaxy,2005-05-29,20,Married,0,South African,South African,Goalkeeper,Both,176,71,22,Recovering,PlayerFirst,45,2340,6,13,27,63,139,34,2,1,91.7,79.1,Bidvest Wits,2,2027,125811.77,9606957.95,1419648.43,45371306.6
Thembi Mthembu,Bloemfontein Celtic,1994-07-06,31,Married,1,Zambian,Zambian,Goalkeeper,Right,176,63,26,Injured,None,229,15572,6,0,1,48,120,71,13,3,84.1,76.4,Baroka FC,2,2027,101561.07,21439502.29,1032131.6,28285495.1
Ayanda Sithole,Bloemfontein Celtic,2004-11-16,21,Divorced,1,South African,South African,Midfielder,Left,167,76,75,Recovering,ProSport,255,19125,110,68,43,104,0,0,10,0,75.8,70.4,Highlands Park,3,2028,349503.66,8544408.51,323975.36,44194902.86
Lindiwe Radebe,Chippa United,2002-03-31,23,Single,0,Zambian,Zambian,Defender,Left,180,64,15,Healthy,PlayerFirst,8,448,3,5,48,28,0,0,20,3,75.3,54.9,Free State Stars,2,2027,106878.39,7703488.59,468504.24,11778802.93
Zanele Ndlovu,Moroka Swallows,1998-05-03,27,Married,1,Nigerian,Nigerian,Forward,Left,191,90,98,Recovering,PlayerFirst,230,16100,64,33,29,13,0,0,5,0,71.2,68.8,Baroka FC,4,2029,109991.2,11884344.93,724063.05,4933118.14
Tumelo Dlamini,Chippa United,1995-04-19,30,Married,2,South African,South African,Goalkeeper,Left,188,83,45,Healthy,SoccerLink Africa,119,10710,8,7,22,56,22,38,11,2,71.9,56.8,Jomo Cosmos,1,2026,262783.92,7948969.77,727464.33,31176575.52
Boitumelo Mabaso,AmaZulu FC,1989-06-01,36,Divorced,2,Zimbabwean,Zimbabwean,Midfielder,Left,184,92,17,Healthy,SoccerLink Africa,80,4480,8,14,67,111,0,0,19,3,72.0,82.3,Bidvest Wits,3,2028,237858.6,707853.81,1471290.12,39027290.09
Mandla Mahlangu,Sekhukhune United,1997-06-06,28,Divorced,2,Malawian,Malawian,Forward,Both,195,88,76,Healthy,ProSport,320,24320,13,52,14,9,0,0,3,0,80.9,81.5,Jomo Cosmos,5,2030,215650.85,12072764.18,586455.29,34522642.05
Siyanda Mabaso,TS Galaxy,1999-10-02,26,Married,2,Malawian,Malawian,Goalkeeper,Right,189,89,32,Healthy,SA Elite Agents,164,14104,4,5,20,118,143,11,0,2,78.5,44.9,None,1,2026,312723.84,6926328.08,985962.76,48362989.32
Thabo Mthembu,Moroka Swallows,1999-07-27,26,Single,1,Zambian,Zambian,Forward,Left,191,85,64,Recovering,PlayerFirst,5,300,88,2,14,9,0,0,5,3,90.5,73.8,None,4,2029,328663.09,7507218.0,1110537.76,36211915.73
Kabelo Mabena,AmaZulu FC,1997-01-09,28,Widowed,1,Zimbabwean,Zimbabwean,Forward,Left,175,90,39,Healthy,SoccerLink Africa,305,17080,12,40,5,5,0,0,3,1,80.4,79.8,Highlands Park,5,2030,45741.87,4403084.59,1377465.52,42034255.42
Mpho Tshabalala,Kaizer Chiefs,2005-03-23,20,Married,2,Zimbabwean,Zimbabwean,Goalkeeper,Both,170,91,19,Recovering,PlayerFirst,355,30175,9,13,20,84,65,64,18,2,80.1,42.0,Jomo Cosmos,4,2029,285571.57,1913779.02,1219202.0,35105526.81
Gugu Nkosi,Kaizer Chiefs,2007-05-29,18,Widowed,0,Nigerian,Nigerian,Defender,Right,183,94,17,Injured,ProSport,400,22800,2,0,143,114,0,0,15,3,80.3,69.9,Tuks FC,5,2030,308998.85,19827707.58,181568.01,48102225.49
Sibusiso Mabaso,TS Galaxy,1990-06-22,35,Divorced,2,Zimbabwean,Zimbabwean,Midfielder,Both,189,60,74,Recovering,SoccerLink Africa,78,4368,104,33,84,18,0,0,11,1,90.3,60.7,None,2,2027,138571.24,1662498.02,1379103.29,27902592.51
Mpho Mashaba,Moroka Swallows,1992-03-28,33,Single,0,Zambian,Zambian,Goalkeeper,Both,186,74,63,Injured,None,364,22568,9,4,15,76,163,3,19,1,70.6,72.5,None,5,2030,136493.07,11462345.48,1807558.86,38499373.21
Mpho Mahlangu,SuperSport United,1997-03-28,28,Widowed,0,Ghanaian,Ghanaian,Midfielder,Right,184,62,43,Recovering,ProSport,268,24120,97,4,29,84,0,0,15,3,90.8,80.8,Tuks FC,3,2028,220626.9,5013225.75,962682.55,46150379.11
Sipho Mabena,AmaZulu FC,1988-11-12,37,Married,2,Zimbabwean,Zimbabwean,Defender,Both,195,85,22,Recovering,SoccerLink Africa,36,3240,0,10,147,83,0,0,14,1,70.5,81.5,Tuks FC,3,2028,23145.01,6865529.21,1344703.45,10075155.21
Lindiwe Mabena,Mamelodi Sundowns,2006-11-17,19,Single,0,South African,South African,Forward,Both,180,92,59,Healthy,PlayerFirst,397,28981,53,33,29,19,0,0,2,2,92.2,44.2,Baroka FC,1,2026,347307.26,22459158.58,1350218.14,9642341.52
Lindiwe Molefe,Chippa United,2007-07-10,18,Single,0,Nigerian,Nigerian,Defender,Both,179,90,29,Recovering,SoccerLink Africa,246,12300,1,6,88,31,0,0,9,0,90.1,63.2,Bidvest Wits,5,2030,285498.0,9277927.61,54934.15,37666939.17
Zanele Tshabalala,Kaizer Chiefs,1993-04-15,32,Divorced,1,Mozambican,Mozambican,Defender,Both,173,63,55,Recovering,SoccerLink Africa,73,4818,3,0,135,89,0,0,16,2,74.5,82.4,Black Leopards,2,2027,23825.85,14649104.86,1970210.89,19260718.26
Lebogang Mahlangu,Stellenbosch FC,1992-09-10,33,Married,0,Nigerian,Nigerian,Goalkeeper,Right,167,71,87,Healthy,PlayerFirst,95,4940,7,6,3,104,29,30,12,0,78.0,57.4,Bidvest Wits,4,2029,79058.67,17883526.88,1584450.7,31512741.39
Gugu Radebe,Golden Arrows,1989-04-15,36,Single,1,Nigerian,Nigerian,Goalkeeper,Both,186,80,79,Recovering,SA Elite Agents,295,26255,6,12,18,78,17,69,15,2,83.2,63.5,Free State Stars,4,2029,48907.49,2935691.0,357370.99,15278038.8
Siyanda Ndlovu,Stellenbosch FC,1996-02-17,29,Divorced,0,Nigerian,Nigerian,Goalkeeper,Both,179,82,87,Healthy,SoccerLink Africa,121,6171,4,8,1,28,136,14,8,3,82.2,55.1,None,3,2028,283693.89,14202940.11,251768.63,45598854.4
Mpho Zulu,Stellenbosch FC,2005-01-06,20,Single,1,Mozambican,Mozambican,Midfielder,Right,192,93,80,Healthy,ProSport,101,6060,67,24,70,112,0,0,11,0,90.0,81.3,Highlands Park,2,2027,69644.53,8503518.11,1708862.59,9688185.07
Lebogang Molefe,SuperSport United,1993-08-27,32,Single,0,Nigerian,Nigerian,Defender,Right,168,65,88,Healthy,ProSport,229,20610,1,4,84,59,0,0,18,2,71.1,51.9,Free State Stars,5,2030,126192.65,10722935.01,1413190.53,48397984.08
Gugu Mokoena,Sekhukhune United,2003-12-12,22,Widowed,0,Zimbabwean,Zimbabwean,Forward,Both,191,90,48,Recovering,SoccerLink Africa,136,12104,44,66,3,14,0,0,7,1,85.5,76.8,Jomo Cosmos,5,2030,76467.47,22607502.22,663592.13,38206127.4
Lerato Mabena,TS Galaxy,1997-02-24,28,Widowed,0,Mozambican,Mozambican,Defender,Right,190,80,47,Healthy,SoccerLink Africa,163,11736,4,15,60,6,0,0,15,1,82.0,70.1,Free State Stars,2,2027,137743.57,21052091.26,727921.6,36501643.4
Kagiso Dlamini,Golden Arrows,1993-12-20,32,Widowed,0,Malawian,Malawian,Forward,Both,169,81,83,Injured,PlayerFirst,201,12060,111,48,11,9,0,0,17,1,81.6,51.7,Tuks FC,3,2028,127454.5,9383118.97,1241278.2,16082799.98
Nomsa Tshabalala,SuperSport United,1992-09-18,33,Married,3,South African,South African,Midfielder,Left,182,93,83,Injured,SA Elite Agents,165,11880,86,51,146,103,0,0,12,3,88.4,67.7,Jomo Cosmos,4,2029,201245.44,20811626.87,1573292.42,48048730.32
Gugu Mokoena,Mamelodi Sundowns,2001-01-17,24,Divorced,3,Mozambican,Mozambican,Defender,Both,165,84,35,Injured,None,117,7722,2,12,33,4,0,0,12,0,70.8,75.8,Bidvest Wits,3,2028,338735.18,9868061.36,512798.92,40513043.57
Thembi Ngobeni,Moroka Swallows,1992-10-08,33,Single,1,South African,South African,Midfielder,Both,171,76,78,Recovering,PlayerFirst,66,5610,0,2,76,66,0,0,11,1,74.6,61.4,Bidvest Wits,3,2028,149560.03,19961798.01,1205596.96,11377902.67
Sibusiso Baloyi,Kaizer Chiefs,1994-01-16,31,Divorced,3,Ghanaian,Ghanaian,Forward,Left,180,69,45,Injured,SA Elite Agents,251,16315,75,13,22,15,0,0,2,1,91.3,82.4,Free State Stars,2,2027,214240.53,20273958.62,1345106.93,1200041.49
Sipho Dlamini,TS Galaxy,1991-01-01,34,Widowed,0,Ghanaian,Ghanaian,Forward,Both,167,90,77,Recovering,SoccerLink Africa,22,1298,43,8,4,4,0,0,3,3,72.0,57.6,Baroka FC,2,2027,160866.58,7260443.77,971051.24,32360615.59
